date,Govt Bond Yield 10 Yr,Real GDP Growth,BI7DRR,Deposit Rate 1M,Deposit Rate 3M,Deposit Rate 6M,Deposit Rate 12M,CPI,JISDOR Exchange Rate,Informal Employment,Cement,Stock Index,Fed Funds,FX,FPI,IPI,JIBOR,JIBOR_1,PMI,Money Supply,Money Supply_1,Motor Sales,Retail,CCI,Exports,Imports,Loans,Trade Bal,Unemployment,Gov Bond,Import Price Index,GFCF,Capacity Utilization,Terms of Trade,Disposable Income,Crude Oil Price,Household Debt,Tax Revenue,Export Price Index,Fiscal Balance,Manufacturing Wages YoY,Household Consumption,Imports Capital Goods,Government Expenditure
1953-06-30,,0.0,,,,,,,,0.0,0.0,,,,0.0,0.0,,,,0.0,0.0,0.0,0.0,0.0,0.0,0.0,0.0,0.0,,2.99666666666667,,0.0,,,0.0,,0.0,0.0,,0.0,,0.0,0.0,0.0
1953-12-30,,0.0,,,,,,,,0.0,0.0,,,,0.0,0.0,,,,0.0,0.0,0.0,0.0,0.0,0.0,0.0,0.0,0.0,,2.7800000000000002,,0.0,,,0.0,,0.0,0.0,,0.0,,0.0,0.0,0.0
1954-06-30,,0.0,,,,,,,,0.0,0.0,,,,0.0,0.0,,,,0.0,0.0,0.0,0.0,0.0,0.0,0.0,0.0,0.0,,2.393333333333335,,0.0,,,0.0,,0.0,0.0,,0.0,,0.0,0.0,0.0
1954-12-30,,0.0,,,,,,,,0.0,0.0,,1.00928660049628,,0.0,0.0,,,,0.0,0.0,0.0,0.0,0.0,0.0,0.0,0.0,0.0,,2.41,,0.0,,,0.0,,0.0,0.0,,0.0,,0.0,0.0,0.0
1955-06-30,,0.0,,,,,,,,0.0,0.0,,1.42177513883965,,0.0,0.0,,,,0.0,0.0,0.0,0.0,0.0,0.0,0.0,0.0,0.0,,2.705,,0.0,,,0.0,,0.0,0.0,,0.0,,0.0,0.0,0.0
1955-12-30,,0.0,,,,,,,,0.0,0.0,,2.1451513647642653,,0.0,0.0,,,,0.0,0.0,0.0,0.0,0.0,0.0,0.0,0.0,0.0,,2.928333333333335,,0.0,,,0.0,,0.0,0.0,,0.0,,0.0,0.0,0.0
1956-06-30,,0.0,,,,,,,,0.0,0.0,,2.58442542996492,,0.0,0.0,,,,0.0,0.0,0.0,0.0,0.0,0.0,0.0,0.0,0.0,,2.991666666666665,,0.0,,,0.0,,0.0,0.0,,0.0,,0.0,0.0,0.0
1956-12-30,,0.0,,,,,,,,0.0,0.0,,2.868973236440975,,0.0,0.0,,,,0.0,0.0,0.0,0.0,0.0,0.0,0.0,0.0,0.0,,3.37333333333333,,0.0,,,0.0,,0.0,0.0,,0.0,,0.0,0.0,0.0
1957-06-30,,0.0,,,,,,,,0.0,0.0,,2.96758064516129,,0.0,0.0,,,,0.0,0.0,0.0,0.0,0.0,0.0,0.0,0.0,0.0,,3.515,,0.0,,,0.0,,0.0,0.0,,0.0,,0.0,0.0,0.0
1957-12-30,,0.0,,,,,,,,0.0,0.0,,3.2324347158218147,,0.0,0.0,,,,0.0,0.0,0.0,0.0,0.0,0.0,0.0,0.0,0.0,,3.7800000000000002,,0.0,,,0.0,,0.0,0.0,,0.0,,0.0,0.0,0.0
1958-06-30,,0.0,,,,,,,,0.0,0.0,,1.375934715821815,,0.0,0.0,,,,0.0,0.0,0.0,0.0,0.0,0.0,0.0,0.0,0.0,,2.9816666666666647,,0.0,,,0.0,,0.0,0.0,,0.0,,0.0,0.0,0.0
1958-12-30,,0.0,,,,,,,,0.0,0.0,,1.77076923076923,,0.0,0.0,,,,0.0,0.0,0.0,0.0,0.0,0.0,0.0,0.0,0.0,,3.65,,0.0,,,0.0,,0.0,0.0,,0.0,,0.0,0.0,0.0
1959-06-30,,0.0,,,,,,,,0.0,0.0,,2.8477971759423353,,0.0,0.0,,,,0.0,0.0,0.0,0.0,0.0,0.0,0.0,0.0,0.0,,4.123333333333335,,0.0,,,0.0,,0.0,0.0,,0.0,,0.0,0.0,0.0
1959-12-30,,0.0,,,,,,,,0.0,0.0,,3.781058726220015,,0.0,0.0,,,,0.0,0.0,0.0,0.0,0.0,0.0,0.0,0.0,0.0,,4.54333333333333,,0.0,,,0.0,,0.0,0.0,,0.0,,0.0,0.0,0.0
1960-06-30,,0.0,,,,,,,,0.0,0.0,,3.8198988905051197,,0.0,0.0,,,,0.0,0.0,0.0,0.0,0.0,0.0,0.0,0.0,0.0,,4.373333333333335,,0.0,,,0.0,,0.0,0.0,,0.0,,0.0,0.0,0.0
1960-12-30,,0.0,,,,,,,,0.0,0.0,,2.623966087675765,,0.0,0.0,,,,0.0,0.0,0.0,0.0,0.0,0.0,0.0,0.0,0.0,,3.86,,0.0,,,0.0,,0.0,0.0,,0.0,,0.0,0.0,0.0
1961-06-30,,0.0,,,,,,,,0.0,0.0,,1.85614439324117,,0.0,0.0,,,,0.0,0.0,0.0,0.0,0.0,0.0,0.0,0.0,0.0,,3.788333333333335,,0.0,,,0.0,,0.0,0.0,,0.0,,0.0,0.0,0.0
1961-12-30,,0.0,,,,,,,,0.0,0.0,,2.015115798180315,,0.0,0.0,,,,0.0,0.0,0.0,0.0,0.0,0.0,0.0,0.0,0.0,,3.976666666666665,,0.0,,,0.0,,0.0,0.0,,0.0,,0.0,0.0,0.0
1962-06-30,,0.0,,,,,,,,0.0,0.0,,2.52734845799362,,0.0,0.0,,,,0.0,0.0,0.0,0.0,0.0,0.0,0.0,0.0,0.0,,3.9450000000000003,,0.0,,,0.0,,0.0,0.0,,0.0,,0.0,0.0,0.0
1962-12-30,,0.0,,,,,,,,0.0,0.0,,2.8790502776793048,,0.0,0.0,,,,0.0,0.0,0.0,0.0,0.0,0.0,0.0,0.0,0.0,,3.9466666666666654,,0.0,,,0.0,,0.0,0.0,,0.0,,0.0,0.0,0.0
1963-06-30,,0.0,,,,,,,,0.0,0.0,,2.96300248138958,,0.0,0.0,,,,0.0,0.0,0.0,0.0,0.0,0.0,0.0,0.0,0.0,,3.92833333333333,,0.0,,,0.0,,0.0,0.0,,0.0,,0.0,0.0,0.0
1963-12-30,,0.0,,,,,,,,0.0,0.0,,3.381255169561625,,0.0,0.0,,,,0.0,0.0,0.0,0.0,0.0,0.0,0.0,0.0,0.0,,4.076666666666664,,0.0,,,0.0,,0.0,0.0,,0.0,,0.0,0.0,0.0
1964-06-30,,0.0,,,,,,,,0.0,0.0,,3.4753491343658203,,0.0,0.0,,,,0.0,0.0,0.0,0.0,0.0,0.0,0.0,0.0,0.0,,4.1899999999999995,,0.0,,,0.0,,0.0,0.0,,0.0,,0.0,0.0,0.0
1964-12-30,,0.0,,,,,,,,0.0,0.0,,3.51496071133168,,0.0,0.0,,,,0.0,0.0,0.0,0.0,0.0,0.0,0.0,0.0,0.0,,4.18333333333333,,0.0,,,0.0,,0.0,0.0,,0.0,,0.0,0.0,0.0
1965-06-30,,0.0,,,,,,,,0.0,0.0,,4.03177702942219,,0.0,0.0,,,,0.0,0.0,0.0,0.0,0.0,0.0,0.0,0.0,0.0,,4.205,,0.0,,,0.0,,0.0,0.0,,0.0,,0.0,0.0,0.0
1965-12-30,,0.0,,,,,,,,0.0,0.0,,4.122653432588915,,0.0,0.0,,,,0.0,0.0,0.0,0.0,0.0,0.0,0.0,0.0,0.0,,4.359999999999999,,0.0,,,0.0,,0.0,0.0,,0.0,,0.0,0.0,0.0
1966-06-30,,0.0,,,,,,,,0.0,0.0,,4.731248138957815,,0.0,0.0,,,,0.0,0.0,0.0,0.0,0.0,0.0,0.0,0.0,0.0,,4.775,,0.0,,,0.0,,0.0,0.0,,0.0,,0.0,0.0,0.0
1966-12-30,,0.0,,,,,,,,0.0,0.0,,5.4898436724565745,,0.0,0.0,,,,0.0,0.0,0.0,0.0,0.0,0.0,0.0,0.0,0.0,,5.071666666666665,,0.0,,,0.0,,0.0,0.0,,0.0,,0.0,0.0,0.0
1967-06-30,,0.0,,,,,,,,0.0,0.0,,4.411593879239041,,0.0,0.0,,,,0.0,0.0,0.0,0.0,0.0,0.0,0.0,0.0,0.0,,4.701666666666665,,0.0,,,0.0,,0.0,0.0,,0.0,,0.0,0.0,0.0
1967-12-30,,0.0,,,,,,,,0.0,0.0,,4.017602150537635,,0.0,0.0,,,,0.0,0.0,0.0,0.0,0.0,0.0,0.0,0.0,0.0,,5.445,,0.0,,,0.0,,0.0,0.0,,0.0,,0.0,0.0,0.0
1968-06-30,,0.0,,,,,,,,0.0,0.0,,5.371195701776905,,0.0,0.0,,,,3352.14274858,6978.04748524,0.0,0.0,0.0,0.0,0.0,0.0,0.0,,5.676666666666665,,0.0,,,0.0,,0.0,0.0,,0.0,,0.0,0.0,0.0
1968-12-30,,0.0,,,,,,,,0.0,0.0,,5.93172619047619,,0.0,0.0,,,,8481.951571900001,9331.01444918,0.0,0.0,0.0,0.0,0.0,0.0,0.0,,5.615,,0.0,,,0.0,,0.0,0.0,,0.0,,0.0,0.0,0.0
1969-06-30,,0.0,,,,,,24.264101953333352,,0.0,0.0,,7.47949084249084,,0.0,0.0,,,,10484.384407189998,13349.86212274,0.0,0.0,0.0,0.0,0.0,0.0,0.0,,6.265000000000001,,0.0,,,0.0,,0.0,0.0,,0.0,,0.0,0.0,0.0
1969-12-30,,0.0,,,,,,8.776248968333315,,0.0,0.0,,8.96940446650124,,0.0,0.0,,,,13630.8197257,17951.69670385,0.0,0.0,0.0,0.0,0.0,0.0,0.0,,7.07666666666667,,0.0,,,0.0,,0.0,0.0,,0.0,,0.0,0.0,0.0
1970-06-30,,0.0,,,,,,14.21098837833335,,0.0,0.0,,8.185668616329906,,0.0,0.0,,,,15186.97528559,19685.64303823,0.0,0.0,0.0,0.0,0.0,0.0,0.0,,7.54,,0.0,,,0.0,,0.0,0.0,,0.0,,0.0,0.0,0.0
1970-12-30,,0.0,,,,,,10.735724649999984,,0.0,0.0,,6.135329197684035,,0.0,0.0,,,,15965.53461556,21476.220433720002,0.0,0.0,0.0,0.0,0.0,0.0,0.0,,7.1566666666666645,,0.0,,,0.0,,0.0,0.0,,0.0,,0.0,0.0,0.0
1971-06-30,,0.0,,,,,,5.731827486666665,,0.0,0.0,,4.209252983575565,,0.0,0.0,,,,18690.450982219998,25877.60359327,0.0,0.0,0.0,0.0,0.0,0.0,0.0,,6.1316666666666695,,0.0,,,0.0,,0.0,0.0,,0.0,,0.0,0.0,0.0
1971-12-30,,0.0,,,,,,2.74828324166667,,0.0,0.0,,5.122538875103389,,0.0,0.0,,,,19753.911326330002,28320.81941728,0.0,0.0,0.0,0.0,0.0,0.0,0.0,,6.186666666666665,,0.0,,,0.0,,0.0,0.0,,0.0,,0.0,0.0,0.0
1972-06-30,,0.0,,,,,,2.055483605,,0.0,0.0,,3.91998362853313,,0.0,0.0,,,,22062.73051036,35940.48842579,0.0,0.0,0.0,0.0,0.0,0.0,0.0,,6.088333333333329,,0.0,,,0.0,,0.0,0.0,,0.0,,0.0,0.0,0.0
1972-12-30,,0.0,,,,,,11.035156801666666,,0.0,0.0,,4.93243507030604,,0.0,0.0,,,,27375.38713468,42957.51112094,0.0,0.0,0.0,0.0,0.0,0.0,0.0,,6.331666666666665,,0.0,,,0.0,,0.0,0.0,,0.0,,0.0,0.0,0.0
1973-06-30,,0.0,,,,,,24.37218338666665,,0.0,0.0,,7.12938845563039,,0.0,0.0,,,,33585.677855300004,50671.60107438,0.0,0.0,0.0,0.0,0.0,0.0,0.0,,6.705,,0.0,,,0.0,,0.0,0.0,,0.0,,0.0,0.0,0.0
1973-12-30,,0.0,,,,,,37.9184067366667,,0.0,0.0,,10.271182382134015,,0.0,0.0,,,,41707.63351822,62186.69023096,0.0,0.0,0.0,0.0,0.0,0.0,0.0,,6.98,,0.0,,,0.0,,0.0,0.0,,0.0,,0.0,0.0,0.0
1974-06-30,,0.0,,,,,,46.35936882166665,,0.0,0.0,,10.25803169679781,,0.0,0.0,,,,46115.09811328,73422.25752901,0.0,0.0,0.0,0.0,0.0,0.0,0.0,,7.29833333333333,,0.0,,,0.0,,0.0,0.0,,0.0,,0.0,0.0,0.0
1974-12-30,,0.0,,,,,,35.52724260166665,,0.0,0.0,,10.689682382133974,,0.0,0.0,,,,57770.398351170006,92138.16399868,0.0,0.0,0.0,0.0,0.0,0.0,0.0,,7.816666666666665,,0.0,,,0.0,,0.0,0.0,,0.0,,0.0,0.0,0.0
1975-06-30,,0.0,,,,,,19.14850583833335,,0.0,0.0,,5.83739359565166,,0.0,0.0,,,,64782.472837819994,103447.41855786,0.0,0.0,0.0,0.0,0.0,0.0,0.0,,7.795,,0.0,,,0.0,,0.0,0.0,,0.0,,0.0,0.0,0.0
1975-12-30,,0.0,,,,,,19.2278360533333,,0.0,0.0,,5.77787551695616,,0.0,0.0,,,,76689.93751606,122764.11792476001,0.0,0.0,0.0,0.0,0.0,0.0,0.0,,8.18,,0.0,,,0.0,,0.0,0.0,,0.0,,0.0,0.0,0.0
1976-06-30,,0.0,,,,,,20.4316805366667,,0.0,0.0,,5.01397624140783,,0.0,0.0,,,,87034.59772098,142528.71972261,0.0,0.0,0.0,0.0,0.0,0.0,0.0,,7.76333333333333,,0.0,,,0.0,,0.0,0.0,,0.0,,0.0,0.0,0.0
1976-12-30,,0.0,,,,,,19.38781626666665,,0.0,0.0,,5.082236972704715,,0.0,0.0,,,,97922.64745579,162806.3847995,0.0,0.0,0.0,0.0,0.0,0.0,0.0,,7.460000000000001,,0.0,,,0.0,,0.0,0.0,,0.0,,0.0,0.0,0.0
1977-06-30,,0.0,,,,,,12.054641326666701,,0.0,0.0,,4.913911378943634,,0.0,0.0,,,,112668.58830778,183236.78435816,0.0,0.0,0.0,0.0,0.0,0.0,0.0,,7.361666666666665,,0.0,,,0.0,,0.0,0.0,,0.0,,0.0,0.0,0.0
1977-12-30,,0.0,,,,,,10.138490076666649,,0.0,0.0,,6.166965260545904,,0.0,0.0,,,,125721.56835607,195425.43667946,0.0,0.0,0.0,0.0,0.0,0.0,0.0,,7.47666666666667,,0.0,,,0.0,,0.0,0.0,,0.0,,0.0,0.0,0.0
1978-06-30,,0.0,,,,,,9.62126951666665,,0.0,0.0,,7.021889282760251,,0.0,0.0,,,,132930.59901012998,211465.77384789998,0.0,0.0,0.0,0.0,0.0,0.0,0.0,,8.165,,0.0,,,0.0,,0.0,0.0,,0.0,,0.0,0.0,0.0
1978-12-30,,0.0,,,,,,6.701242000000001,,0.0,0.0,,8.80407857733664,,0.0,0.0,,,,133924.99056243,192194.30982686998,0.0,0.0,0.0,0.0,0.0,0.0,0.0,,8.655000000000001,,0.0,,,0.0,,0.0,0.0,,0.0,,0.0,0.0,0.0
1979-06-30,,0.0,,,,,,11.141022976666665,,0.0,0.0,,10.12038609240225,,0.0,0.0,,,,115548.55159128999,180032.57650222,0.0,0.0,0.0,0.0,0.0,0.0,0.0,,9.11,,0.0,,,0.0,,0.0,0.0,,0.0,,0.0,0.0,0.0
1979-12-30,,0.0,,,,,,21.17860718166665,,0.0,0.0,,12.256545019496649,,0.0,0.0,,,,136200.14931646,216567.05533797,0.0,0.0,0.0,0.0,0.0,0.0,0.0,,9.775000000000015,,0.0,,,0.0,,0.0,0.0,,0.0,,0.0,0.0,0.0
1980-06-30,,0.0,,,,,,19.94910359,,0.0,0.0,,13.82526094520975,,0.0,0.0,,,,161611.41983446002,255867.45417038,0.0,0.0,0.0,0.0,0.0,0.0,0.0,,11.231666666666701,99.3302307133333,0.0,,,0.0,,0.0,0.0,97.77552414,0.0,,0.0,0.0,0.0
1980-12-30,,0.0,,,,,,16.3622339816667,,0.0,0.0,,13.00056410256408,,0.0,0.0,,,,200458.0741607,309168.7898884,0.0,0.0,0.0,0.0,0.0,0.0,0.0,,11.6883333333333,99.044582365,0.0,,,0.0,,0.0,0.0,96.62449264666665,0.0,,0.0,0.0,0.0
1981-06-30,,0.0,,,,,,15.343431365,,0.0,0.0,,17.15537935720195,,0.0,0.0,,,,219011.77849518,337790.78078421,0.0,0.0,0.0,0.0,0.0,0.0,0.0,,13.355,98.78456751666664,0.0,,,0.0,,0.0,0.0,96.37541834333335,0.0,,0.0,0.0,0.0
1981-12-30,,0.0,,,,,,9.530811193333335,,0.0,0.0,,15.5791947890819,,0.0,0.0,,,,246992.36183309002,380700.82366238,0.0,0.0,0.0,0.0,0.0,0.0,0.0,,14.4666666666667,98.3969332383333,0.0,,,0.0,,0.0,0.0,95.85551071,0.0,,0.0,0.0,0.0
1982-06-30,,0.0,,,,,,9.825657283333335,,0.0,0.0,,14.3854343613376,,0.0,0.0,,,,273558.90606335003,415288.58996182994,0.0,0.0,0.0,0.0,0.0,0.0,0.0,,14.11166666666665,98.23793411166665,0.0,,,0.0,,0.0,0.0,95.905303955,0.0,,0.0,0.0,0.0
1982-12-30,,0.0,,,,,,9.08248630333333,,0.0,0.0,,10.106650537634415,,0.0,0.0,,,,284253.74212883995,438320.07049272,0.0,0.0,0.0,0.0,0.0,0.0,0.0,,11.8916666666667,98.14180374166665,0.0,,,0.0,,0.0,0.0,95.79444249500006,0.0,,0.0,0.0,0.0
1983-06-30,,0.0,,,,,,10.818598386666686,,0.0,0.0,101.646666666667,8.72316767103864,,0.0,0.0,,,,230362.66053152003,399822.64349924,0.0,0.0,0.0,0.0,0.0,0.0,0.0,,10.553333333333299,98.00891876166665,0.0,,,0.0,,0.0,0.0,95.47895049833335,0.0,,0.0,0.0,0.0
1983-12-30,,0.0,,,,,,12.759090191666651,,0.0,0.0,92.29666666666665,9.44925806451613,,0.0,0.0,,,,200496.13020861,372885.16454644,0.0,0.0,0.0,25559.1,0.0,0.0,0.0,,11.6566666666667,98.15277989666666,0.0,,,0.0,,0.0,0.0,95.61272557666669,0.0,,0.0,0.0,0.0
1984-06-30,,0.0,,,,,,11.787040156666649,,0.0,0.0,81.01166666666666,10.10670267533725,,0.0,0.0,,,,204914.5646226,414871.50405948004,0.0,0.0,0.0,47046.0,0.0,0.0,0.0,,12.57166666666665,97.96641031833335,0.0,,,0.0,,0.0,0.0,95.60464477666665,0.0,,0.0,0.0,0.0
1984-12-30,,0.0,,,,,,9.191124850000001,,0.0,0.0,72.895,10.31597873094648,,0.0,0.0,,,,207792.69991902,437163.31450109,0.0,0.0,0.0,49761.399999999994,0.0,0.0,0.0,,12.305,97.58619308333334,0.0,,,0.0,,0.0,0.0,94.78374227166665,0.0,,0.0,0.0,0.0
1985-06-30,,0.0,,,,,,4.674576801666666,,0.0,0.0,69.5833333333333,8.213128914096655,,0.0,0.0,,,,199311.58634917001,448132.94780309,0.0,0.0,0.0,39391.4,0.0,0.0,0.0,,11.1983333333333,97.46366628,0.0,,,0.0,,0.0,0.0,94.80937957833335,0.0,,0.0,0.0,0.0
1985-12-30,,0.0,,,,,,4.77479157666667,,0.0,0.0,67.295,8.009200992555835,,0.0,0.0,,,,228229.1174321,535221.23366483,0.0,0.0,0.0,41111.0,0.0,0.0,0.0,,10.04833333333335,97.399546305,0.0,,,0.0,,0.0,0.0,94.27242914833334,0.0,,0.0,0.0,0.0
1986-06-30,,0.0,,,,,,4.765880821666665,,0.0,0.0,65.8883333333333,7.360056244830445,,0.0,0.0,,,,235964.87086591998,557804.18429099,0.0,0.0,0.0,33297.3,0.0,0.0,0.0,,8.08,95.5909894316667,0.0,,,0.0,,0.0,0.0,90.67831293666666,0.0,,0.0,0.0,0.0
1986-12-30,,0.0,,,,,,6.87169209333333,,0.0,0.0,64.87666666666665,6.247765508684865,,0.0,0.0,,,,197880.38925057,434133.89615713,0.0,0.0,0.0,30917.199999999997,0.0,0.0,0.0,,7.285,95.07248814833335,0.0,,,0.0,,0.0,0.0,89.53194300333335,0.0,,0.0,0.0,0.0
1987-06-30,,0.0,,,,,,9.15442545,,0.0,0.0,74.79666666666665,6.432691303320334,,0.0,0.0,,,,182615.77213698,455364.02384278,0.0,0.0,0.0,32681.199999999997,0.0,0.0,0.0,,7.76833333333333,95.83131917333336,0.0,,,0.0,,0.0,0.0,90.1225001,0.0,,0.0,0.0,0.0
1987-12-30,,0.0,,,,,,9.412801893333315,,0.0,0.0,80.78999999999999,6.86753349875931,,0.0,0.0,,,,190385.34659968002,511470.19830191997,0.0,0.0,0.0,41670.100000000006,0.0,0.0,0.0,,9.0,95.83426411833335,0.0,,,0.0,,0.0,0.0,90.01191457166665,0.0,,0.0,0.0,0.0
1988-06-30,,0.0,,,,,,8.697083076666665,,0.0,0.0,99.09716666666665,6.904131827386555,,0.0,0.0,,,,197146.05165023002,571694.60915567,0.0,0.0,0.0,40753.5,0.0,0.0,0.0,,8.663333333333334,95.39748382666664,0.0,,,0.0,,0.0,0.0,89.44200007,0.0,,0.0,0.0,0.0
1988-12-30,,0.0,,,,,,7.4509275200000005,,0.0,0.0,163.191,8.22076095947064,,0.0,0.0,,,,204089.33624362998,615429.94379438,0.0,0.0,0.0,42299.8,0.0,0.0,0.0,,9.028333333333336,94.90235392166664,0.0,,,0.0,,0.0,0.0,88.45834350499999,0.0,,0.0,0.0,0.0
1989-06-30,,0.0,,18.17333333333335,18.354999999999997,19.035,19.1783333333333,6.763317718333335,,0.0,0.0,305.32416666666654,9.575079640789316,,0.0,0.0,,,,219385.07241661,681345.63309176,345744.0,0.0,0.0,45003.100000000006,0.0,0.0,0.0,,8.99,95.63977940833335,0.0,,,0.0,,0.0,0.0,89.301151275,0.0,,0.0,0.0,0.0
1989-12-30,,0.0,,16.5666666666667,17.49166666666665,18.22,19.0166666666667,6.07488239666667,,0.0,0.0,414.764833333333,8.86292307692308,,0.0,0.0,,,,253113.23227322,797811.33757442,424921.0,0.0,0.0,50940.4,0.0,0.0,0.0,,8.00666666666667,95.66167577,0.0,,,0.0,,0.0,0.0,88.74659474666666,0.0,,0.0,0.0,0.0
1990-06-30,,0.0,,15.45,16.24666666666665,16.7666666666667,17.735,5.983673980000001,,0.0,0.0,575.769,8.243703946591044,,0.0,0.0,,,,302947.58444062003,963263.7403719199,516044.0,0.0,0.0,48373.3,0.0,0.0,0.0,,8.55,95.56543095833331,0.0,,,0.0,,0.0,0.0,88.6004727683333,0.0,,0.0,0.0,0.0
1990-12-30,,0.0,,19.336666666666652,18.814999999999998,17.82833333333335,17.775,9.60961792,,0.0,0.0,478.263833333333,7.949776379534445,,0.0,0.0,,,,334232.84660080005,1155016.04881805,693520.0,0.0,0.0,65141.100000000006,0.0,0.0,0.0,,8.55,96.56603368166665,0.0,,,0.0,,0.0,0.0,90.45514552,0.0,,0.0,0.0,0.0
1991-06-30,,0.0,,24.116666666666703,23.93333333333335,23.0216666666667,20.1866666666667,9.472150715000005,,0.0,0.0,390.0078333333335,6.14665777502068,,0.0,0.0,,,,312445.59706168,1100966.08752036,522919.0,0.0,0.0,58696.2,0.0,0.0,0.0,,8.073333333333334,95.402947745,0.0,,,0.0,,0.0,0.0,88.477386475,0.0,,0.0,0.0,0.0
1991-12-30,,0.0,,21.3633333333333,22.700000000000003,23.520000000000003,22.34,9.368134130000001,,0.0,0.0,267.5861666666665,5.2153163476308695,,0.0,0.0,,,,345611.15696542,1291646.8539610999,604985.0,0.0,0.0,67806.6,0.0,0.0,0.0,,7.643333333333335,95.39640681,0.0,,,0.0,,0.0,0.0,88.3739573166667,0.0,,0.0,0.0,0.0
1992-06-30,,0.0,,19.728333333333353,21.061666666666653,21.69666666666665,22.29,9.524594816666665,,0.0,0.0,288.6631666666665,3.897236587661505,,0.0,0.0,,,,341501.39944798,1338953.43736648,347983.0,0.0,0.0,66356.3,0.0,0.0,0.0,,7.340000000000005,95.27006912333334,0.0,,,0.0,17.89166666666665,0.0,0.0,87.86194991833335,0.0,3.76868976,0.0,0.0,0.0
1992-12-30,,0.0,,16.7933333333333,18.143333333333352,19.051666666666648,20.155,5.650320448333335,,0.0,0.0,297.3955,3.1508523573201,,0.0,0.0,,,,353824.61091972,1452752.9765579998,388623.0,0.0,0.0,81041.1,0.0,0.0,0.0,,6.68,95.44203694833331,0.0,,,0.0,19.656666666666652,0.0,0.0,88.66850407833334,0.0,3.76868976,0.0,0.0,0.0
1993-06-30,,0.0,,14.803333333333349,15.695,16.22333333333335,17.520000000000003,9.317909753333335,,0.0,0.0,317.92949999999996,3.020754815077395,,0.0,0.0,,,,375746.51202162,1552784.7934922702,382980.0,0.0,0.0,77964.9,0.0,0.0,0.0,,6.135,95.254258475,0.0,,,0.0,18.22833333333335,0.0,0.0,88.18834050500001,0.0,30.24519113,0.0,0.0,0.0
1993-12-30,,0.0,,11.86833333333335,13.4,14.218333333333351,15.1,10.014624494999985,,0.0,0.0,461.279,3.023443341604635,,0.0,0.0,,,,428888.41745566,1715750.0324941599,531225.0,0.0,0.0,81794.1,0.0,0.0,0.0,,5.61166666666667,94.86079915333335,0.0,,,0.0,16.273333333333348,0.0,0.0,87.37470499666665,0.0,30.24519113,0.0,0.0,0.0
1994-06-30,,19.727106069999998,,10.83,11.6533333333333,12.071666666666651,13.2816666666667,7.7687860666666655,,0.0,40705.617,508.6835,3.570536807278745,,0.0,0.0,,,,467855.98133171,1817975.57812,599055.0,0.0,0.0,79515.5,0.0,0.0,0.0,,6.575,94.8877080283333,0.0,,,0.0,15.075,0.0,0.0,87.4735844933333,0.0,1.33971632,0.0,0.0,0.0
1994-12-30,,10.825168940000001,,13.38166666666665,13.4133333333333,12.67666666666665,12.66166666666665,9.275511564999999,,0.0,52639.744000000006,489.1798333333335,4.8124358974359005,,0.0,0.0,,,,510471.11591833003,1987765.08455655,793837.0,0.0,0.0,93812.9,0.0,0.0,0.0,,7.585,95.2229792283333,0.0,,,0.0,16.66,0.0,0.0,88.69909286500001,0.0,1.33971632,0.0,0.0,0.0
1995-06-30,,15.469650689999998,,16.2916666666667,16.02833333333335,14.695,14.024999999999999,9.813726931666686,,0.0,48049.747,450.009,5.90169845208555,,0.0,0.0,,,,531713.05401577,2177664.94779418,780451.0,0.0,0.0,92059.9,0.0,0.0,0.0,,7.051666666666665,95.43109258333335,0.0,,,0.0,17.69,0.0,0.0,89.148637135,0.0,,0.0,0.0,0.0
1995-12-30,,17.390084870000003,,17.051666666666698,17.406666666666652,16.67,15.77833333333335,9.042330163333336,,0.0,57098.012,498.34533333333354,5.76228370554177,,0.0,0.0,,,,570632.9548179801,2434238.4819300603,864810.0,0.0,0.0,104367.596,0.0,0.0,0.0,,6.10833333333333,95.20951334666665,0.0,,,0.0,16.545,0.0,0.0,88.62982305,0.0,,0.0,0.0,0.0
1996-06-30,,12.41058707,,17.0783333333333,17.30333333333335,16.89166666666665,16.625,9.308822288333316,,0.0,50035.163,597.5171666666665,5.312738869399045,,0.0,0.0,15.7980131385281,16.4221856373256,,600160.75666858,2680966.5425608,668169.0,0.0,0.0,101560.087923,0.0,0.0,0.0,,6.3149999999999995,95.51706314333335,0.0,,,0.0,18.93833333333335,0.0,0.0,89.16700617333335,0.0,,0.0,0.0,0.0
1996-12-30,,18.68738201,,16.788333333333348,17.20833333333335,16.90166666666665,16.75666666666665,6.707901493333335,,0.0,62637.607,579.342,5.297140287132225,,0.0,0.0,14.47579766139655,15.3383560292365,,693132.16488055,3147481.98110057,784490.0,0.0,0.0,118412.186987,0.0,0.0,0.0,,6.561666666666666,95.82465998500001,0.0,,,0.0,21.33166666666665,0.0,0.0,89.48828633666665,0.0,,0.0,0.0,0.0
1997-06-30,,12.745976970000001,,15.82333333333335,16.369999999999997,16.25833333333335,16.380000000000003,4.660123035,,0.0,54202.242,688.5598333333335,5.40446183386506,,0.0,0.0,12.90827396274775,13.77965910685805,,701221.20147166,3231988.69334796,871674.0,0.0,0.0,110490.404612,0.0,0.0,0.0,,6.63,95.65812683333331,0.0,,,0.0,19.911666666666648,0.0,0.0,89.37174224833335,0.0,-4.32972106,0.0,0.0,0.0
1997-12-30,,6.38673992,,26.310000000000002,23.6583333333333,16.39,16.1783333333333,7.76765817666667,,0.0,64821.693,510.959666666667,5.5212655086848645,,0.0,0.0,25.3069305144091,24.06324434369575,,531243.79605168,2302005.43178229,799735.0,0.0,0.0,121146.035703,0.0,0.0,0.0,,6.074999999999999,95.439973195,0.0,,,0.0,18.203333333333298,0.0,0.0,88.94158299833335,0.0,-4.32972106,0.0,0.0,0.0
1998-06-30,,-17.83160647,,43.28666666666665,29.5166666666667,19.823333333333352,19.57,38.674911085,,0.0,38687.649,472.7101666666665,5.50960699515538,,0.0,0.0,44.7647790898411,36.68354359751175,,259769.14424902,1194878.6103865,151250.0,0.0,0.0,107312.90998,0.0,0.0,0.0,,5.59166666666667,94.568457285,0.0,,1.327435415,0.0,13.055,0.0,0.0,87.449034375,0.0,-67.8109692,0.0,0.0,0.0
1998-12-30,,-34.2579103,,53.82833333333335,48.616666666666646,33.8566666666667,24.604999999999997,77.341751645,,0.0,45240.475000000006,364.23033333333353,5.195070306038049,,0.0,0.0,61.87805241528065,53.14033533071315,,292404.87353692,1599876.20519194,97367.0,0.0,0.0,105070.93719699999,0.0,0.0,0.0,,4.936666666666665,94.206417085,0.0,,1.170934843333335,0.0,11.90166666666665,0.0,0.0,86.58664067666665,0.0,-67.8109692,0.0,0.0,0.0
1999-06-30,,-4.33758836,,33.525000000000006,35.205,31.58,29.578333333333347,43.783437219999996,,0.0,37782.027,490.689166666667,4.74426763559022,,0.0,11.8020954866667,34.7734438851965,35.5253240487013,,327981.48842696997,2087906.9287300901,99179.0,0.0,0.0,94747.176852,0.0,0.0,0.0,,5.261666666666665,94.343283335,0.0,,1.0802963399999999,0.0,13.446666666666651,0.0,0.0,86.59939066333335,0.0,51.07250059,0.0,0.0,0.0
1999-12-30,,8.20407454,,13.355,16.27,19.155,25.4283333333333,4.2704992416666645,,0.0,43821.534,594.5708333333334,5.204562448304385,,0.0,27.7098752733334,13.82352491514525,14.041132441966251,,406390.31291683996,2188858.28666778,306383.0,0.0,0.0,116989.77578600001,0.0,0.0,0.0,,6.011666666666665,95.5330518083333,0.0,,1.088362906666665,0.0,21.5866666666667,0.0,0.0,88.83256785,0.0,51.07250059,0.0,0.0,0.0
2000-06-30,,9.248570220000001,,10.89,12.25833333333335,12.8116666666667,17.80666666666665,0.25225240833333495,,0.0,42341.467,548.7273333333335,5.966452382989649,338032.3,0.0,26.2017451833333,11.593853526334751,12.089921205182101,,414285.76147693,2143005.97867174,546280.0,0.0,0.0,126673.580585,0.0,0.0,0.0,,6.328333333333335,96.13571039666665,0.0,,1.195550358333335,1482.0,26.52,0.0,0.0,90.25477091666664,0.0,24.34478869,0.0,0.0,110733.35
2000-12-30,,10.453301530000001,,11.44666666666665,12.748333333333349,12.805,12.3333333333333,7.222963363333335,,0.0,54529.327000000005,438.465166666667,6.49964681555004,354686.07,0.0,22.01563032666667,13.5910768912338,13.6133135872114,,402122.19484991,2022809.2938744598,755667.0,0.0,0.0,142028.761073,0.0,0.0,0.0,,5.73,96.55675506666665,0.0,,1.304272633333335,1482.0,30.265,0.0,0.0,91.33442688,0.0,24.34478869,0.0,0.0,110733.35
2001-06-30,,9.63824688,,13.671666666666699,14.64833333333335,14.47833333333335,13.1566666666667,10.244191768333351,,0.0,50753.17,406.113666666667,4.99375942337233,362415.35,0.0,20.9904592933333,15.640343696608948,15.715566154040399,,375981.79175967,1864753.6185137602,636860.0,0.0,0.0,127075.561683,0.0,0.0,0.0,,5.16,96.24310557000001,0.0,,1.30294535333333,1392.6,26.25666666666665,0.0,0.0,90.86455027166664,0.0,3.32457625,0.0,0.0,170781.3
2001-12-30,,5.0032973300000005,,15.3733333333333,16.314999999999998,15.5766666666667,14.754999999999999,12.7011577016667,,0.0,61265.787,404.69849999999997,2.8254216589861754,371493.8,0.0,-1.64041617666667,17.6429236375598,17.719502948564603,,456266.6837084,2177075.56910977,674393.0,0.0,0.0,121486.524998,0.0,0.0,0.0,,4.875,95.676458995,0.0,,1.207357208333335,1392.6,21.51166666666665,0.0,0.0,89.20624542166664,0.0,3.32457625,0.0,0.0,170781.3
2002-06-30,,7.73269584,,15.456666666666699,16.718333333333348,16.08833333333335,16.106666666666648,13.62476598,,0.0,52396.934,492.75300000000004,1.742380095710745,340463.35,0.0,2.56915642,16.94327058333335,17.1348248181818,,457521.22021824,2287068.43131176,665376.0,0.0,0.0,114645.176647,0.0,0.0,0.0,,5.088333333333335,95.82178751500001,0.0,,1.2087809,1638.2,22.25166666666665,22423.34356421003,0.0,89.69580078000001,0.0,28.72972786,0.0,649.0,157817.0
2002-12-30,,10.23501926,,13.375,14.2866666666667,14.65333333333335,15.81166666666665,10.2995914383333,,0.0,65245.353,418.510666666667,1.584072078459175,394701.155,0.0,10.549660103333341,14.253846554736,14.4940980043251,,536637.58745084,2602702.3043635096,707201.0,0.0,0.0,133795.88169,0.0,0.0,0.0,,4.133333333333335,96.4774971016667,0.0,,1.26076595333333,1638.2,26.893333333333302,28082.2543080466,0.0,91.10181299999999,0.0,28.72972786,0.0,974.2,157817.0
2003-06-30,,9.938260759999999,,11.61,12.59833333333335,13.03333333333335,13.96666666666665,7.5111632133333295,,0.0,55242.232,439.46716666666646,1.24750750324944,414066.295,0.0,13.265412210000001,11.9199369745956,12.1425854253057,,571779.71094856,2695816.82990984,743477.0,0.0,0.0,132269.629061,0.0,47.851775513333294,0.0,,3.77,96.69693120333335,0.0,,1.25919751333333,1924.4,28.97,33500.2888521966,0.0,92.35255559166666,0.0,24.47631608,0.0,626.5999999999999,188252.5
2003-12-30,,9.19167846,,7.64333333333333,8.581666666666665,10.085000000000015,11.58666666666665,6.03987351166667,,0.0,64329.721999999994,594.9728,1.0060099255583101,431845.695,0.0,10.78351709,8.993111871478765,9.10353634851622,,633156.63880412,2851080.45084733,796851.0,0.0,0.0,132712.84492,0.0,42.6439567266666,0.0,,4.26,96.66280619333335,0.0,,1.23929267,1924.4,28.575000000000003,40441.2023969367,0.0,92.19741567166665,0.0,24.47631608,0.0,770.6,188252.5
2004-06-30,,8.48695835,,6.061666666666666,6.2766666666666655,6.786666666666671,8.71833333333333,5.61120520166667,,0.0,59980.488,749.6700000000001,1.0064101708451,453515.03500000003,24427.0,3.96806955,7.694841309314954,7.81135822605124,,644106.6308242299,2764957.25770147,983761.0,0.0,0.0,138016.29582200001,0.0,37.1897711666667,0.0,,4.31,97.22026062,0.0,,1.2832331,2082.2,33.605000000000004,42176.1591033,0.0,93.89619064333334,0.0,0.83863708,0.0,894.816666666666,213588.335452
2004-12-30,,11.65661158,,6.32833333333333,6.61,6.865,7.186666666666666,6.508409163333329,,0.0,69716.06599999999,861.7180000000001,1.690359801488835,439797.96499999997,28297.36,9.56465879666667,7.40285606496367,7.506408616662605,,659776.2263096501,2812659.8235199098,1101906.0,0.0,0.0,171510.564086,0.0,46.308384000000004,0.0,10.26,4.23833333333333,97.50742848833335,0.0,,1.366190068333335,2082.2,41.56166666666665,48528.8708539,0.0,94.62725448666666,0.0,0.83863708,0.0,1283.103333333333,213588.335452
2005-06-30,,11.83622694,,6.6233333333333295,6.911666666666665,7.165,7.261666666666665,7.704540711666665,,0.0,65137.528,1073.264333333335,2.700600614439325,442239.04500000004,-104.0,9.88257894,7.627932314454065,7.767262562698415,,694535.61886212,2862375.5036441498,1279878.0,0.0,0.0,176312.14473499998,0.0,64.3583674533333,0.0,10.90076923076925,4.228333333333335,97.97506968333334,0.0,,1.43141321,2345.8,49.44,56696.564492809994,0.0,95.5281867983333,0.0,-4.97357655,0.0,1348.75,254816.2090805
2005-12-30,,10.94483369,,9.633333333333335,9.246666666666684,8.486666666666665,8.861666666666665,13.09122688833335,,0.0,71577.818,1106.1793333333349,3.71391811414392,398749.865,68608.01999999999,-4.15678117,11.529176241936165,12.103226407563,,682546.2322028601,3001978.73285206,1038249.0,0.0,0.0,194871.522188,0.0,65.07004574,0.0,10.72346153846155,4.351666666666665,98.53302510500001,0.0,,1.501753725,2345.8,57.3683333333333,62306.345845203396,0.0,97.13018799,0.0,-4.97357655,0.0,1414.046666666667,254816.2090805
2006-06-30,,10.06056216,,11.6283333333333,12.04833333333335,11.911666666666651,12.0016666666667,16.21256553166665,,0.0,63036.029,1315.104,4.67599562802789,488640.425,45409.0,-10.63538241333333,13.03478368506495,13.58849841378065,,816046.89677718,3496315.2179386597,648237.0,0.0,0.0,203596.854866,169887.97010287002,36.8067410766666,3496.58105538667,10.338846153846148,4.82,99.04647191333335,0.0,,1.186735375,2936.2,65.325,72281.46525173669,0.0,97.91969044999999,0.0,15.71392018,0.0,1454.9833333333331,333564.40653262
2006-12-30,,11.920426209999999,,10.13833333333335,10.773333333333351,11.370000000000001,12.198333333333348,10.463282026666684,,0.0,75061.557,1570.772666666665,5.243885028949546,515852.48,33970.04,5.13444741,11.1886979909812,11.3472102584871,,911542.20083794,3755687.95878432,719723.0,0.0,0.0,233123.865631,177687.28958196,22.25215892,4119.14155702667,9.93346153846155,4.763333333333335,99.02799988000001,0.0,,1.1786057866666648,2936.2,63.2,77786.12140797,0.0,98.0663414,0.0,15.71392018,0.0,1596.9633333333331,333564.40653262
2007-06-30,,12.78193447,,8.030000000000001,8.473333333333334,9.20666666666667,10.159999999999986,6.1922283783333345,,0.0,67423.837,1925.32033333333,5.253202824057665,596135.145,113035.0,13.10694520333333,8.862350454906206,8.890591011183261,,1006728.97897605,4071841.01727572,850995.0,0.0,0.0,232675.151274,193340.71011166,33.11942935,4083.64558768,9.331538461538461,4.763333333333335,98.943302155,0.0,,1.1227551199999999,3429.8,62.92833333333335,84501.56016075,0.0,98.50023778166664,0.0,4.01523983,0.0,1586.1,378824.95644544
2007-12-30,,12.58658866,,7.18,7.478333333333335,7.851666666666665,8.81833333333333,6.61528519166667,,0.0,83031.196,2496.64383333333,4.791670920477375,698941.5449999999,16285.759999999998,9.196471469999999,8.042522287878786,8.127949069865325,,1164862.1246915502,4533531.72096094,1052694.0,0.0,0.0,272249.682174,216702.54961112997,46.915876046666696,4190.16352450333,8.685,4.495,99.74110031166686,0.0,,1.117381431666665,3429.8,81.685,94001.62536986999,0.0,99.922147115,0.0,4.01523983,0.0,2230.5127806666696,378824.95644544
2008-06-30,,12.521007879999999,,6.988333333333335,7.346666666666665,7.63,7.828333333333335,8.928314123333315,,0.0,82025.99799999999,2482.410666666665,2.606443983343315,723471.375,90148.92281928001,8.25400281666667,8.13394608910534,8.319893177008176,,1207142.0556046502,4659189.90341493,1261298.0,0.0,0.0,306412.83593099995,290967.20477374,60.1941466133334,1534.82356918,8.41153846153846,3.775,100.8031679783335,0.0,,1.09038108,4045.86,109.36333333333314,106387.2327590333,0.0,102.90385564,0.0,-2.03476743,0.0,3091.2843376666697,492865.375543306
2008-12-30,,11.53737195,,9.35,9.638333333333335,9.243333333333336,9.355000000000015,11.49094526,,0.0,82888.287,1692.7685,1.203336228287845,682006.835,-50386.53323717,4.34040408666667,10.593731659812395,11.0682462720058,,1149291.37081284,4641430.12745815,1348240.0,0.0,0.0,288234.271316,265749.96310752,71.65633217999999,1222.5547300966668,8.216923076923075,3.55833333333333,99.56176885000015,0.0,,1.13751880833333,4045.86,84.66833333333349,111964.8463047634,0.0,100.04065958833351,0.0,-2.03476743,0.0,4042.34230333334,492865.375543306
2009-06-30,12.053072244816601,8.65614288,,9.36,10.356666666666666,10.28666666666665,11.2016666666667,6.213663455000001,,0.0,76350.776,1619.7656666666649,0.182740340304855,681400.1,43530.08861331,0.12467897666666,8.788441359250395,9.265550275518326,,1093050.86373668,4666830.00740632,908612.0,0.0,0.0,218289.66485,187347.56610363,47.84420576,2561.562211696667,7.9530769230769245,3.025,98.09533055666665,0.0,,1.0322618600000002,4153.36,51.555,110165.7090108666,0.0,95.75159327333336,0.0,10.78479938,0.0,2947.06246966667,468691.009784886
2009-12-30,10.3070741498142,9.86953088,,7.515000000000001,8.2,8.638333333333335,10.6566666666667,2.676845898333335,,0.0,90233.70744,2408.376333333335,0.136577750206785,751793.7050000001,92709.43935305,5.76829616333334,6.79342695707071,7.10380158140933,,1295756.0434296299,5575478.82915218,1194792.0,0.0,0.0,287065.78398,232734.43936529,19.7987274733333,3833.41459604,7.56923076923077,3.488333333333335,99.36554718,0.0,,0.998320541666665,4153.36,71.59666666666665,138494.3245405566,0.0,97.89849726166665,0.0,10.78479938,0.0,3865.7695573333403,468691.009784886
2010-06-30,9.15266661259547,12.28418701,,6.871666666666664,7.043333333333335,7.24,8.446666666666665,4.015659006666665,,0.0,85044.84513999999,2769.8371666666653,0.16428925912797,881834.0349999999,101522.06999999999,13.62103014,6.599574800903775,6.98835493140047,,1457709.21595312,6201881.71326373,1606931.0,189.60000000000002,209.03333333333399,315665.735339,278943.39515813,29.2367573133334,3121.97020077,7.223076923076925,3.6033333333333353,99.71374003166665,1026345.24724751,,1.01679535666667,4859.4,77.98666666666671,161552.4334582333,0.0,99.5512059533333,0.0,25.95596799,1818031.21168881,4004.10328333334,521058.60986363
2010-12-30,7.812249882500636,12.61350934,,6.78,6.99,7.025,7.6233333333333295,6.244664739999999,,0.0,91899.182064,3420.417833333335,0.189442100909845,1064135.96,102750.7,3.57382992333334,6.405629477291715,6.8493273344345695,,1603577.9647235,6771924.532043191,1712012.0,210.3,203.43333333333328,370391.52848800004,309697.23577625,44.2581173733333,4160.7421317,6.917692307692304,2.825,100.01684697500015,1101495.43475249,,1.0158886900000001,4859.4,80.8583333333333,186014.04509867,0.0,100.00762812333315,0.0,25.95596799,1968031.68909387,4968.11466033333,521058.60986363
2011-06-30,8.09529211854779,12.74542523,,6.79,6.905,7.078333333333335,7.143333333333334,6.35289441666667,,0.0,97577.92368,3683.8905,0.125125841900035,1327572.4100000001,123104.28,3.89018053333333,6.671123385668279,6.914275893719805,,1819752.0451739,7468230.35790143,1805773.0,206.46666666666698,213.43333333333402,427357.738543,367439.04286451,47.8120536266666,5088.29127429667,6.643076923076925,3.335,101.083998363333,1114847.01143867,,1.0231700049999999,5705.4,110.9716666666665,217240.035973493,0.0,102.467974345,0.0,7.11856514,2044051.9340539998,4788.030968,647499.6
2011-12-30,6.747083394528465,11.955539049999999,,6.691666666666665,6.956666666666665,7.27666666666667,6.98666666666667,4.378164405,,0.0,110254.16033,3808.2470000000003,0.079330024813895,1423679.505,-58158.62,12.826070356666671,5.83172440950862,6.167982444748235,,1942999.66519118,7892332.53754049,2065554.0,229.433333333333,228.166666666667,455127.995491,400455.01188832,49.6356109733334,3515.28584545333,6.4030769230769256,2.23666666666667,100.655008951667,1201512.09265916,,1.03629161166667,5705.4,112.118333333333,245243.9803024,0.0,101.708030701667,0.0,7.11856514,2216023.6028763,6248.11659233333,647499.6
2012-06-30,5.9762400686666695,12.31789829,,5.675000000000001,6.19333333333333,6.618333333333335,6.661666666666665,4.01587205,,0.0,111808.61359,4002.931166666665,0.12686560565871,1363790.9300000002,92862.64,6.17018199666666,4.214680932539685,4.465180238095235,,2063514.46389173,8311633.08458171,2304615.0,231.60656561000002,221.366666666666,419588.16615199996,421924.69327997,50.6602764866667,348.38473980000003,6.20230769230769,1.9300000000000002,100.5531183866665,1210612.96473545,,1.04127635833333,5687.0,117.2816666666665,254403.14632763702,0.0,101.30397033666651,0.0,6.57316287,2299963.6767237997,6474.07791933333,745705.1
2012-12-30,5.80660239879572,11.81068243,,5.449999999999999,5.699999999999999,5.948333333333335,6.163333333333335,3.947990998333335,,0.0,131403.27067,4234.724666666665,0.153253042656265,1392064.645,102937.29,10.66864463333337,4.60603598919015,4.883497169945064,,2202938.02363343,8890037.95491448,2622597.0,267.58521747,234.3,419091.05952300003,424699.07793081,46.8200475466666,-795.92638992,5.996153846153845,1.675,100.45457585666651,1317115.82574896,,1.000847996666665,5687.0,108.17500000000001,271247.48873744695,0.0,100.4447174066665,0.0,6.57316287,2468781.3924656,6244.196123,745705.1
2013-06-30,5.76081101501312,11.129095450000001,,5.49666666666667,5.763333333333335,6.01,5.893333333333334,4.77011331166667,,0.0,115947.57999200001,4852.012000000001,0.13092390405294,1230082.5750000002,104110.84,15.79376691333333,4.63115942243867,4.957209129889115,,2121598.09368731,8571828.138917461,2510601.0,257.68027730666597,230.99634522333298,379035.943313,397592.35484853,44.1770711266667,-976.6478760933333,6.140000000000001,1.973333333333335,100.5273005183335,1287761.08916151,,0.99642089166667,5556.0,105.42000000000016,281736.652583563,0.0,100.7295087183335,0.0,10.97221022,2546117.6531499997,5287.03302933333,825281.85
2013-12-30,8.1871114389754,11.10044138,,6.85333333333333,6.76166666666667,6.675000000000001,6.373333333333335,8.022994028333335,11179.328242601401,0.0,136321.44625,4360.481,0.085412324234905,1209447.63,51175.82,8.80337546333334,6.635263424911916,6.88968370285315,,2047868.5142417501,8190205.83430706,2836740.0,305.88611759,221.28455902000002,412694.56446100003,412569.59551043,44.4611225266667,-312.14306066999995,5.876785714285715,2.7283333333333353,100.599820453333,1366613.9475393998,,1.0236614966666648,5556.0,106.2763333333335,264727.979237286,0.0,100.705253598333,0.0,10.97221022,2774969.9750800002,5223.60482066666,825281.85
2014-06-30,8.377560030534395,10.05345002,,8.07333333333333,8.30666666666667,8.37166666666667,7.61833333333333,7.426965608333335,11732.6855820106,0.0,125847.48569500001,4736.6476666666695,0.081943932411675,1277171.79,224928.08000000002,7.78747529333333,7.842556513227515,8.07572980820106,,1968578.08510407,8356531.560979029,2792153.0,299.79562780666697,232.674703646667,385900.237342,394383.95318619,38.11741031,-331.28861833333326,5.866153846153845,2.69333333333333,100.58487701499999,1348444.66631353,,0.9802156166666649,5329.0,106.71666666666701,269554.343213383,46045.89891692,100.9121437066665,-4102.3247015199995,-10.72834424,2851673.3892714,4952.15784033333,888591.427893206
2014-12-30,8.2032628425395,9.97946338,,8.403333333333336,9.198333333333334,9.26666666666667,8.661666666666665,5.412179471666665,12004.6583714997,0.0,134866.85772,5138.271,0.095954921422665,1370311.35,80310.62,11.291295463333341,7.21608637126963,7.77791536193195,,1992025.57146749,8520668.9825387,2445014.0,345.270289223333,238.999308746667,378333.968089,377830.22632577,25.9927362866666,-343.81971337,5.85,2.388333333333335,99.80695470166651,1424026.10081262,,0.927636985,5329.0,86.28999999999999,277599.559420703,50419.13216589,99.1758435583335,-14228.381453940001,-10.72834424,3063520.8448939,4815.494165666671,888591.427893206
2015-06-30,7.6904961252415145,9.57155077,,8.11666666666667,8.67,9.026666666666664,8.85833333333333,6.803981291666665,12966.213640161051,0.0,122053.331337,5245.305833333336,0.11935761550277499,1377844.34,191748.44,10.261637780000001,6.48054827903091,6.94137655255563,,1943933.54670244,8465862.18391121,2283546.0,355.90607517,229.61772578,340848.46125408,326557.29517325,21.80411541,1434.434571823333,6.066153846153845,2.06666666666667,98.45546468166665,1406323.89968661,,0.922794078333335,4970.8,55.36,268768.40916386,42743.42931632,96.25950113666664,-5895.05193251,-5.37627862,3149016.6333514,4213.33333333333,903257.601033156
2015-12-30,8.80842813313012,9.93212129,6.006135531135531,7.603333333333335,8.003333333333336,8.58,8.546666666666663,5.9602472016666646,13812.61054720135,0.0,140737.612295,4505.115,0.14618155500413998,1275279.4849999999,35115.990000000005,8.87524854666667,7.64017246324144,7.97149118964077,,1936825.80335705,8188555.599123379,2129715.0,374.76074845,210.18020658,311613.06866142,292858.34199578,20.37414592,1176.789022396666,5.735384615384615,2.205,97.80622482666665,1505032.0831657602,,0.91348115,4970.8,43.055,262336.71035953297,49525.44951096,94.49615987166665,-15606.613263250001,-5.37627862,3341913.0514404,4032.4233333333405,903257.601033156
2016-06-30,8.065135404931455,10.15807092,5.65335164835165,7.071666666666671,7.516666666666666,8.18,8.125,3.8983429083333347,13425.4075757576,100842.091,126545.22682479999,4813.931500000001,0.365165910841105,1299959.55,162588.66,9.18710923333333,6.663215626262625,7.3436021287878805,,2125284.4586828398,9128295.21240234,2305244.0,400.960975693333,222.40383103,303330.23630059,292475.60714012,16.76396068333333,1228.352662103334,5.571923076923075,1.8366666666666651,97.5292778,1468502.0989545998,,0.9528031516666651,5514.2,36.16166666666665,281683.22277144704,38977.99900388,93.63893636166665,-17118.29368694,27.39228832,3417682.5950454,3571.66,932137.54594748
2016-12-30,7.382736858736415,9.972400879999999,5.0169413919413905,6.54,6.8149999999999995,7.25,7.535,3.164226988333335,13192.0073953824,100718.104,142124.51871655,5305.8405,0.41940694789082,1405841.5,55519.100000000006,7.11785644,6.31302549337917,7.105649392857145,,2265119.71630192,9481825.34575146,2310727.0,409.99677868000003,228.54021497333298,325746.41020433,296146.42444385996,14.82664302666667,1888.6073912,5.4269230769230745,1.846666666666665,98.25685755333336,1573082.5776487798,,1.01193129166667,5514.2,44.150000000000006,297085.876940244,57742.64152589,95.721351625,-5668.898288769999,27.39228832,3609340.8618612,3880.13333333333,932137.54594748
2017-06-30,7.469984465517435,10.02091262,4.75,6.393333333333335,6.676666666666669,7.033333333333335,7.12166666666667,3.968377953333335,13328.69903435055,105731.042,126624.405,5583.677,0.819274725274725,1505987.165,206760.06,8.50059385666667,5.94808123320696,6.870260121990305,,2439378.6330693597,9978345.16375814,2305845.0,420.52134889,241.99779853333303,347719.77655951004,321400.12744898,17.12481248666667,2500.44572282667,5.441153846153846,2.35333333333333,98.58323415000005,1542810.68237415,,1.02063964333333,5764.2,48.974999999999994,308863.860926426,42918.85604839,96.48428598833335,-13130.147650359999,10.52968622,3709910.1277957,3632.8333333333303,1003675.90510344
2017-12-30,6.903421178613835,10.254507799999999,4.43917924181082,6.035,6.358333333333334,6.753333333333335,6.938333333333335,3.652285683333335,13432.9029011924,101121.563,161815.539,5986.57133333333,1.1768751033912301,1586270.585,110632.21,8.72544743,5.255877502215135,5.713173638009165,,2536889.10153558,10166161.867188081,2362902.0,413.90617362,246.079560953334,384188.08932635,360330.27435823,15.7956361,1372.25437345,5.258076923076925,2.306666666666665,98.6812782283333,1685952.32490857,,1.00385196333333,5764.2,53.43666666666665,318355.700031867,57343.89891294,96.83648173,-12378.64769404,10.52968622,3913145.9778717,4720.16666666667,1003675.90510344
2018-06-30,7.029347088868935,10.33853685,4.353146853146855,5.673333333333336,5.888333333333335,6.266666666666665,6.455,3.2662851149999996,13773.39239386345,106143.865,131224.56699999998,6194.87583333333,1.58874731182796,1556011.065,21470.41,7.278156853333339,5.50991600362649,5.791790532505505,,2600865.07810402,10076034.09421726,2412747.0,432.48498092,248.558182763334,380494.89458461,393573.37964703003,17.99468774,-297.6774651266667,5.2673076923076945,2.84,99.42915725666666,1648461.15453076,,1.0376184416666652,5803.6,66.55833333333331,324985.564075654,47339.32802239,98.23097737666664,-8044.4394060800005,-2.81779909,4029085.4707004,4687.0,1106558.908642496
2018-12-30,8.26329013636696,10.354508679999999,5.6260069817400655,6.455,6.37,6.653333333333335,6.335,3.131583973333335,14702.628010243,102630.738,177698.289,6002.2880000000005,2.073342786246015,1507695.76,178300.52,10.54152129,6.97746813290638,7.366865928185085,,2579272.27465504,10356986.404714819,2691931.0,433.12919715,245.918289923334,415112.20285528,443264.52103169,24.070880993333297,-2654.10640254,5.1242307692307705,2.98,99.24527613333336,1795849.096987,,1.04238747,5803.6,68.37166666666664,320854.849828027,58944.06224739,97.83748372333335,-10736.144227199999,-2.81779909,4245128.9579724,5307.2,1106558.908642496
2019-06-30,7.973214240375505,10.11452823,6.0,6.826666666666665,6.846666666666665,7.301666666666665,6.86666666666667,2.78302329,14195.211449077251,107565.572,122512.239,6411.361666666669,2.4005860215053803,1460132.165,124467.84,8.49068123666667,7.049113226532245,7.27487660581378,,2555956.20439259,10255602.82370646,2012444.0,459.736719816666,252.593030823333,336459.04725056,351510.28437601,22.50472942,-461.04889399000007,5.1899999999999995,2.49333333333333,98.92134602833335,1727415.58985641,,1.00357612,6090.8,63.1216666666667,346081.51164081,48504.02004654,96.26876831,-9549.73147651,5.75984475,4363816.518232601,4387.83333333334,1154643.65475369
2019-12-30,7.322395527871635,9.96549602,5.355647716672561,6.295,6.529999999999999,7.03666666666667,7.033333333333335,2.8568213350000002,14100.131272013601,103634.881,181009.391,6237.9605,1.91632414628382,1622052.0950000002,155323.16,7.41861685666667,5.750293586846725,5.95194224937261,,2894828.14371,11570783.961043939,2462209.0,439.18103937,246.24240533,391088.35047957,392419.88356717,15.276988213333329,-788.8705346666667,5.049285714285715,1.795,98.75010553999999,1870248.53565838,,1.00755401833333,6090.8,61.615,362668.93261487,60852.1743853,95.43419647166664,-15097.171685109999,5.75984475,4602020.8673631,5082.9,1154643.65475369
2020-06-30,7.5255632337198755,-2.35903785,4.6495421245421245,5.746666666666664,6.00333333333333,6.396666666666665,6.563333333333334,2.5744111849999998,14612.0888018128,107930.763,117754.0,5051.181500000001,0.637716080545335,1583972.425,47705.96999999999,-17.57943939,4.984622178751804,5.070826165945165,,2808560.79204275,10915987.24501805,1133162.0,412.108771133333,199.837391056667,331354.33591955,313089.23862863,9.080525873333329,2060.25589444333,6.414615384615385,1.03166666666667,97.6143747966667,1667532.97277609,,0.935772248333335,5850.4,39.871666666666655,350541.438707073,42496.97659146,92.6243413266667,-17899.03473792,-9.51437007,4413265.232109,3664.63333333333,1297740.548588036
2020-12-30,6.8539857637144,-5.65561292,3.9624542124542153,4.821666666666665,5.005,5.5649999999999995,5.976666666666665,1.5002053100000001,14552.6406143199,0.0,153858.0,5329.644333333335,0.09068444995864,1658583.6800000002,11670.879999999997,-22.38711772,4.06656367693223,4.292722115009745,,3179675.3778304597,12137340.365454461,1175491.0,379.802601236667,174.6628609566667,375764.82558613,299497.07343262003,-1.25727572,5144.36138198667,6.540384615384615,0.756666666666665,98.219509125,1751648.63418712,,0.9505107566666651,5850.4,41.03666666666665,355236.173149683,45572.31777311,94.8098983766667,-47236.7335796,-9.51437007,4486652.3478081,4236.36666666667,1297740.548588036
2021-06-30,6.60802899849738,6.39025965,3.562753036437245,3.73,3.9466666666666654,4.471666666666665,5.055,1.454552876666665,14293.154003787298,0.0,122735.0,6003.039666666666,0.07193123006026,1694798.4849999999,128638.76999999999,18.000601736666667,3.626529908502315,3.83632727848364,,3333292.32523163,12542198.048827589,1713591.0,397.794660946666,192.43979581333372,446768.6,400476.6747131,-3.71074558,4384.99578798666,6.41923076923077,1.455,99.57954533666665,1725172.4992476199,,0.97917458,6489.6,62.4536252083333,366180.23016942,47468.69801322,98.7262649516667,-19816.29681497,2.64819154,4560029.2925132,4386.6,1393205.679781406
2021-12-30,6.4410832680382395,8.56052021,3.5,3.2,3.385,3.721666666666665,4.186666666666665,1.665026451666665,14323.8711666353,105172.813,153575.0,6369.006833333335,0.08477129859388,1712638.2149999999,-39418.20999999999,15.57636220666667,3.5537451291486297,3.75,,3704943.20334213,13676832.65112138,2145700.0,394.38463132000004,201.0775542033337,560553.0,449441.88443871,5.311154,7215.99208458667,6.05846153846154,1.43,99.89916865166666,1824046.30271699,,0.9611145866666699,6489.6,74.57030302999999,381595.58862937696,60607.72586832,101.8361600216665,-34370.17148425,2.64819154,4676019.8156743,5155.66666666667,1393205.679781406
2022-06-30,7.00918819600205,10.48363399,3.5,2.851666666666665,3.025,3.2766666666666646,3.425,3.04142051166667,14455.265583149801,109184.649,126790.0,6980.038333333335,0.44184863523573004,1623274.19,-53552.60195441,4.5461303433333295,3.5473760436318047,3.74970180082783,,4070960.2137355004,13982832.05636213,2033979.0,431.630366496666,237.96400446,605314.69145228,509432.02804562,15.307361143333331,9090.810332823341,5.849615384615385,2.435,100.793165845,1787107.81,,1.000356815,7074.2,104.1134242433332,393601.14292768296,71659.74920456999,104.28670501833349,5180.17617647,8.09123794,4954310.0600000005,5526.06666666667,1548131.359551336
2022-12-30,7.28448456592713,10.73741405,4.26783633033633,3.293333333333335,3.3949999999999996,3.558333333333335,3.8333333333333304,5.36934695666667,15255.16774891775,107591.832,142870.0,7033.555666666665,2.904230769230765,1559869.8599999999,-32057.16373457,11.64726036666666,4.754976547619044,4.96938115079365,51.0,4088142.75720081,13712247.806153521,2482190.0,408.036185036667,241.45226452,655594.1431935299,518810.99346526,21.7145511366667,9061.94074834666,5.591923076923075,3.468333333333335,100.05852254166649,1899465.94,71.49271237,0.95941317166667,7074.2,90.0372047733333,390718.229821917,65534.76765717,103.00067774333351,-34411.625359030004,8.09123794,5207403.4,6592.16666666667,1548131.359551336
2023-06-30,6.709259419925305,10.21983359,5.720238095238095,4.14,4.436666666666665,4.5933333333333355,4.933333333333335,4.5782544933333345,15049.3943977591,112628.489,119464.0,6783.119666666666,4.747326716294455,1657009.4,32056.52311901,6.41844471333333,6.375842932773111,6.74211637628385,51.65,4226968.76495465,14395818.5547696,2202167.0,438.028677893333,250.08389293666698,558634.76423108,484021.03323058004,18.60038372666667,7189.58080692667,5.365,3.62,99.64153417,1836582.4100000001,73.604217525,0.960725585,7174.0,75.2796198833333,415859.799641266,73516.08535686,99.3686485283335,10033.19072328,4.3057505,5468444.64,6298.0,1560608.622853806
2023-12-30,6.686387223285485,9.978332080000001,5.84659090909091,4.413333333333336,4.838333333333335,5.10166666666667,5.27,2.87820768,15422.046212121251,113467.856,158494.0,6988.376666666671,5.289615384615384,1615018.52,34301.616655410005,4.2925876866666695,6.498006756379585,6.823131484848485,52.48333333333335,4206005.193773391,14378358.09170293,2158354.0,414.01052299,247.366286063334,563542.6,481484.22481584,18.25959337333333,5177.25755530667,4.993076923076925,4.295,99.78096644,1988639.63,74.53887919,1.013905913333335,7174.0,81.613128655,424664.22913128,67971.91387419999,99.13926061000001,-31526.052382510003,4.3057505,5641121.33,6763.13333333333,1560608.622853806
2024-06-30,6.81957726469969,10.16085688,6.091947115384615,4.63,5.35,5.641666666666666,5.84166666666667,2.788106308333335,15924.045559764301,0.0,120160.0,7180.229166666665,5.33,1648619.9649999999,44925.38760814,5.52858483,6.7386325831229,7.027015801767675,52.58333333333335,4246395.16990942,14419514.73382784,1758602.0,451.13098604,249.41291902666597,541783.19089118,485030.83883824,23.1656629666667,5601.18593228334,4.878846153846155,4.301666666666665,99.6741409316667,1911820.29889093,73.65407314000001,1.029334825,7256.8,81.28102339166671,418875.52879921,64538.95648701,98.98918151999999,-4736.15951182,-2.76246259,5924268.7404952,6299.93333333334,1679883.35403412
2024-12-30,6.852348118421055,9.96522982,6.104910714285715,4.771666666666665,5.5016666666666705,5.61333333333333,5.753333333333336,1.817659155,15793.692852437449,0.0,160595.0,7370.4356666666645,4.946765449604159,1828512.85,124948.66288640999,3.88072035,6.74943371442688,7.03227889393939,49.56666666666665,4635874.61038241,15680887.832247779,2049956.0,427.070215723333,248.691859236667,626211.21951453,547712.7403359299,20.9176130333333,4690.1720124966705,4.8082142857142856,4.115,99.23353068166665,2089873.0013057,73.021313445,1.060698435,7256.8,75.00376436833335,436148.19185762596,76166.59023721001,99.35378901,-27445.09390792,-2.76246259,6040677.877975401,7517.2,1679883.35403412
2025-06-30,6.95506018159113,9.98288573,5.70465947096382,4.837661666666666,5.652141666666665,6.056991666666665,5.0932200000000005,1.184825361666665,16438.181432031848,0.0,117294.0,6793.451,4.33,1792798.025,19147.32243593,-0.30787889,6.35506433019436,6.655174742847725,49.81666666666665,4497381.066736231,15069628.164151989,1628067.0,459.399753726666,243.921438433333,588339.25586017,510427.89960594,17.187114446666662,6993.94900565667,,4.4066666666666645,98.97215270833334,1998738.6756710801,73.41727217,,0.0,69.93169540166664,424303.83756934,59351.26502608,99.00432332166665,-12675.09613478,,6317280.7379796,7666.933333333331,0.0
2025-12-30,,0.0,,,,,,,16372.8127674258,0.0,0.0,,,,0.0,0.0,,,,0.0,0.0,0.0,0.0,0.0,0.0,0.0,0.0,0.0,,,,0.0,,,0.0,,0.0,0.0,,0.0,,0.0,0.0,0.0
